channel,days,total_spend_usd,total_signups,total_activated_users,total_revenue_30d_usd,rows,spend_missing_rows,activated_missing_rows,cac,activation_rate,payback_proxy
search,4,3680.0,946,471.0,6170,4,1,0,3.890063424947146,0.4978858350951374,1.6766304347826086
paid_social,4,3470.0,851,322.0,3150,4,0,0,4.077555816686251,0.3783783783783784,0.9077809798270894
affiliate,4,1250.0,370,163.0,2510,4,0,1,3.3783783783783785,0.44054054054054054,2.008
